Departamento,Municipio,Area (km2)
Amazonas,El Encanto,11251
Amazonas,La Chorrera,12517
Amazonas,La Pedrera,13945
Amazonas,La Victoria,1443
Amazonas,Leticia,5832
Amazonas,Mirití-Paraná,16864
Amazonas,Puerto Alegría,8774
Amazonas,Puerto Arica,13526
Amazonas,Puerto Nariño,1475
Amazonas,Puerto Santander,14885
Amazonas,Tarapacá,9153
Antioquia,Abejorral,497
Antioquia,Abriaquí,290
Antioquia,Alejandría,151
Antioquia,Amagá,85
Antioquia,Amalfi,1224
Antioquia,Andes,449
Antioquia,Angelópolis,87
Antioquia,Angostura,392
Antioquia,Anorí,1447
Antioquia,Santa Fe de Antioquia,499
Antioquia,Anzá,256
Antioquia,Apartadó,607
Antioquia,Arboletes,718
Antioquia,Argelia,257
Antioquia,Armenia,111
Antioquia,Barbosa,208
Antioquia,Bello,142
Antioquia,Belmira,279
Antioquia,Betania,170
Antioquia,Betulia,255
Antioquia,Briceño,406
Antioquia,Buriticá,368
Antioquia,Cáceres,1996
Antioquia,Caicedo,221
Antioquia,Caldas,133
Antioquia,Campamento,200
Antioquia,Cañasgordas,391
Antioquia,Caracolí,260
Antioquia,Caramanta,86
Antioquia,Carepa,380
Antioquia,Carmen de Viboral,448
Antioquia,Carolina del Príncipe,200
Antioquia,Caucasia,1411
Antioquia,Chigorodó,608
Antioquia,Cisneros,46
Antioquia,Ciudad Bolívar,285
Antioquia,Cocorná,210
Antioquia,Concepción,167
Antioquia,Concordia,231
Antioquia,Copacabana,70
Antioquia,Dabeiba,1883
Antioquia,Donmatías,181
Antioquia,Ebéjico,235
Antioquia,El Bagre,1563
Antioquia,El Peñol,143
Antioquia,El Retiro,273
Antioquia,El Santuario,75
Antioquia,Entrerríos,219
Antioquia,Envigado,78
Antioquia,Fredonia,247
Antioquia,Frontino,1236
Antioquia,Giraldo,96
Antioquia,Girardota,78
Antioquia,Gómez Plata,360
Antioquia,Granada,183
Antioquia,Guadalupe,87
Antioquia,Guarne,151
Antioquia,Guatapé,69
Antioquia,Heliconia,117
Antioquia,Hispania,58
Antioquia,Itagüí,17
Antioquia,Ituango,2345
Antioquia,Jardín,224
Antioquia,Jericó,193
Antioquia,La Ceja,131
Antioquia,La Estrella,35
Antioquia,La Pintada,55
Antioquia,La Unión,198
Antioquia,Liborina,217
Antioquia,Maceo,431
Antioquia,Marinilla,115
Antioquia,Medellín,380
Antioquia,Montebello,86
Antioquia,Murindó,1349
Antioquia,Mutatá,1106
Antioquia,Nariño,313
Antioquia,Nechí,914
Antioquia,Necoclí,1361
Antioquia,Olaya,90
Antioquia,Peque,392
Antioquia,Pueblorrico,86
Antioquia,Puerto Berrío,1184
Antioquia,Puerto Nare,660
Antioquia,Puerto Triunfo,361
Antioquia,Remedios,1985
Antioquia,Rionegro,196
Antioquia,Sabanalarga,256
Antioquia,Sabaneta,15
Antioquia,Salgar,418
Antioquia,San Andrés de Cuerquia,177
Antioquia,San Carlos,702
Antioquia,San Francisco,372
Antioquia,San Jerónimo,155
Antioquia,San José de la Montaña,127
Antioquia,San Juan de Urabá,239
Antioquia,San Luis,453
Antioquia,San Pedro de los Milagros,229
Antioquia,San Pedro de Urabá,479
Antioquia,San Rafael,362
Antioquia,San Roque,441
Antioquia,San Vicente,243
Antioquia,Santa Bárbara,185
Antioquia,Santa Rosa de Osos,805
Antioquia,Santo Domingo,271
Antioquia,Segovia,1231
Antioquia,Sonsón,1323
Antioquia,Sopetrán,223
Antioquia,Támesis,245
Antioquia,Tarazá,1560
Antioquia,Tarso,119
Antioquia,Titiribí,142
Antioquia,Toledo,139
Antioquia,Turbo,2759
Antioquia,Uramita,236
Antioquia,Urrao,2556
Antioquia,Valdivia,545
Antioquia,Valparaíso,130
Antioquia,Vegachí,512
Antioquia,Venecia,141
Antioquia,Vigía del Fuerte,1780
Antioquia,Yalí,447
Antioquia,Yarumal,724
Antioquia,Yolombó,941
Antioquia,Yondó,1881
Antioquia,Zaragoza,1064
Arauca,Arauca,5841
Arauca,Arauquita,3281
Arauca,Cravo Norte,5301
Arauca,Fortul,1125
Arauca,Puerto Rondón,2186
Arauca,Saravena,658
Arauca,Tame,6457
Atlántico,Baranoa,127
Atlántico,Barranquilla,166
Atlántico,Campo de La Cruz,33
Atlántico,Candelaria,143
Atlántico,Galapa,98
Atlántico,Juan de Acosta,127
Atlántico,Luruaco,246
Atlántico,Malambo,108
Atlántico,Manatí,206
Atlántico,Palmar de Varela,94
Atlántico,Piojó,258
Atlántico,Polonuevo,72
Atlántico,Ponedera,204
Atlántico,Puerto Colombia,93
Atlántico,Repelón,330
Atlántico,Sabanagrande,43
Atlántico,Sabanalarga,399
Atlántico,Santa Lucía,84
Atlántico,Santo Tomás,66
Atlántico,Soledad,67
Atlántico,Suán,55
Atlántico,Tubará,176
Atlántico,Usiacurí,103
Bolívar,Achí,871
Bolívar,Altos del Rosario,248
Bolívar,Arenal,534
Bolívar,Arjona,566
Bolívar,Arroyohondo,162
Bolívar,Barranco de Loba,416
Bolívar,Brazuelo de Papayal,94
Bolívar,Calamar,256
Bolívar,Cantagallo,669
Bolívar,Cartagena de Indias,709
Bolívar,Cicuco,103
Bolívar,Clemencia,95
Bolívar,Córdoba,450
Bolívar,El Carmen de Bolívar,954
Bolívar,El Guamo,390
Bolívar,El Peñón,252
Bolívar,Hatillo de Loba,150
Bolívar,Magangué,1568
Bolívar,Mahates,479
Bolívar,Margarita,295
Bolívar,María La Baja,547
Bolívar,Montecristo,2079
Bolívar,Morales,1765
Bolívar,Norosí,412
Bolívar,Pinillos,753
Bolívar,Regidor,396
Bolívar,Río Viejo,1414
Bolívar,San Cristóbal,56
Bolívar,San Estanislao,208
Bolívar,San Fernando,388
Bolívar,San Jacinto,434
Bolívar,San Jacinto del Cauca,549
Bolívar,San Juan Nepomuceno,675
Bolívar,San Martín de Loba,442
Bolívar,San Pablo,1967
Bolívar,Santa Catalina,153
Bolívar,Santa Cruz de Mompox,645
Bolívar,Santa Rosa de Lima,151
Bolívar,Santa Rosa del Sur,2200
Bolívar,Simití,1445
Bolívar,Soplaviento,91
Bolívar,Talaigua Nuevo,261
Bolívar,Tiquisio,758
Bolívar,Turbaco,204
Bolívar,Turbaná,148
Bolívar,Villanueva,135
Bolívar,Zambrano,287
Boyacá,Almeida,57
Boyacá,Aquitania,828
Boyacá,Arcabuco,155
Boyacá,Belén,284
Boyacá,Berbeo,61
Boyacá,Betéitiva,123
Boyacá,Boavita,159
Boyacá,Boyacá,48
Boyacá,Briceño,64
Boyacá,Buenavista,111
Boyacá,Busbanzá,22
Boyacá,Caldas,111
Boyacá,Campohermoso,302
Boyacá,Cerinza,61
Boyacá,Chinavita,148
Boyacá,Chiquinquirá,133
Boyacá,Chíquiza,71
Boyacá,Chiscas,655
Boyacá,Chita,748
Boyacá,Chitaraque,157
Boyacá,Chivatá,49
Boyacá,Chivor,103
Boyacá,Ciénega,73
Boyacá,Cómbita,149
Boyacá,Coper,202
Boyacá,Corrales,60
Boyacá,Covarachía,103
Boyacá,Cubará,1650
Boyacá,Cucaita,43
Boyacá,Cuítiva,43
Boyacá,Duitama,186
Boyacá,El Cocuy,253
Boyacá,El Espino,70
Boyacá,Firavitoba,109
Boyacá,Floresta,85
Boyacá,Gachantivá,66
Boyacá,Gámeza,88
Boyacá,Garagoa,191
Boyacá,Guacamayas,59
Boyacá,Guateque,36
Boyacá,Guayatá,103
Boyacá,Güicán,917
Boyacá,Iza,54
Boyacá,Jenesano,59
Boyacá,Jericó,179
Boyacá,La Capilla,57
Boyacá,La Uvita,176
Boyacá,La Victoria,110
Boyacá,Labranzagrande,625
Boyacá,Macanal,199
Boyacá,Maripí,160
Boyacá,Miraflores,258
Boyacá,Mongua,365
Boyacá,Monguí,69
Boyacá,Moniquirá,220
Boyacá,Motavita,61
Boyacá,Muzo,136
Boyacá,Nobsa,53
Boyacá,Nuevo Colón,51
Boyacá,Oicatá,59
Boyacá,Otanche,512
Boyacá,Pachavita,68
Boyacá,Páez,443
Boyacá,Paipa,305
Boyacá,Pajarito,322
Boyacá,Panqueba,42
Boyacá,Pauna,259
Boyacá,Paya,435
Boyacá,Paz de Río,116
Boyacá,Pesca,282
Boyacá,Pisba,469
Boyacá,Puerto Boyacá,1472
Boyacá,Quípama,182
Boyacá,Ramiriquí,139
Boyacá,Ráquira,231
Boyacá,Rondón,251
Boyacá,Saboyá,246
Boyacá,Sáchica,62
Boyacá,Samacá,160
Boyacá,San Eduardo,106
Boyacá,San José de Pare,73
Boyacá,San Luis de Gaceno,458
Boyacá,San Mateo,131
Boyacá,San Miguel de Sema,90
Boyacá,San Pablo de Borbur,193
Boyacá,Santa María,326
Boyacá,Santa Rosa de Viterbo,107
Boyacá,Santa Sofía,78
Boyacá,Santana,67
Boyacá,Sativanorte,184
Boyacá,Sativasur,81
Boyacá,Siachoque,125
Boyacá,Soatá,136
Boyacá,Socha,264
Boyacá,Socotá,600
Boyacá,Sogamoso,208
Boyacá,Somondoco,58
Boyacá,Sora,47
Boyacá,Soracá,57
Boyacá,Sotaquirá,288
Boyacá,Susacón,193
Boyacá,Sutamarchán,102
Boyacá,Sutatenza,41
Boyacá,Tasco,167
Boyacá,Tenza,51
Boyacá,Tibaná,121
Boyacá,Tibasosa,94
Boyacá,Tinjacá,79
Boyacá,Tipacoque,72
Boyacá,Toca,165
Boyacá,Togüí,118
Boyacá,Tópaga,37
Boyacá,Tota,314
Boyacá,Tunja,118
Boyacá,Tunungua,73
Boyacá,Turmequé,106
Boyacá,Tuta,165
Boyacá,Tutazá,135
Boyacá,Úmbita,158
Boyacá,Ventaquemada,159
Boyacá,Villa de Leyva,128
Boyacá,Viracachá,64
Boyacá,Zetaquira,226
Caldas,Aguadas,482
Caldas,Anserma,206
Caldas,Aranzazu,151
Caldas,Belalcázar,114
Caldas,Chinchiná,112
Caldas,Filadelfia,191
Caldas,La Dorada,500
Caldas,La Merced,364
Caldas,Manizales,571
Caldas,Manzanares,244
Caldas,Marmato,41
Caldas,Marquetalia,163
Caldas,Marulanda,417
Caldas,Neira,350
Caldas,Norcasia,223
Caldas,Pácora,265
Caldas,Palestina,116
Caldas,Pensilvania,513
Caldas,Riosucio,429
Caldas,Risaralda,108
Caldas,Salamina,403
Caldas,Samaná,809
Caldas,San José,53
Caldas,Supía,122
Caldas,Victoria,507
Caldas,Villamaría,461
Caldas,Viterbo,110
Caquetá,Albania,417
Caquetá,Belén de los Andaquies,1180
Caquetá,Cartagena del Chairá,12860
Caquetá,Curillo,459
Caquetá,El Doncello,1250
Caquetá,El Paujil,1338
Caquetá,Florencia,2292
Caquetá,La Montañita,1484
Caquetá,Morelia,465
Caquetá,Puerto Milán,1243
Caquetá,Puerto Rico,2790
Caquetá,San José del Fragua,598
Caquetá,San Vicente del Caguán,21923
Caquetá,Solano,41635
Caquetá,Solita,611
Caquetá,Valparaíso,1218
Casanare,Aguazul,148
Casanare,Chámeza,316
Casanare,Hato Corozal,5518
Casanare,La Salina,226
Casanare,Maní,3860
Casanare,Monterrey,879
Casanare,Nunchía,1171
Casanare,Orocué,4177
Casanare,Paz de Ariporo,13793
Casanare,Pore,780
Casanare,Recetor,173
Casanare,Sabanalarga,421
Casanare,Sácama,537
Casanare,San Luis de Palenque,3052
Casanare,Támara,1181
Casanare,Tauramena,2607
Casanare,Trinidad,2947
Casanare,Villanueva,825
Casanare,Yopal,2771
Cauca,Almaguer,320
Cauca,Argelia,655
Cauca,Balboa,402
Cauca,Bolívar,755
Cauca,Buenos Aires,410
Cauca,Cajibío,747
Cauca,Caldono,379
Cauca,Caloto,397
Cauca,Corinto,302
Cauca,El Tambo,3280
Cauca,Florencia,56
Cauca,Guachené,392
Cauca,Guapí,2681
Cauca,Inzá,1258
Cauca,Jambaló,254
Cauca,La Sierra,217
Cauca,La Vega,494
Cauca,López de Micay,3241
Cauca,Mercaderes,827
Cauca,Miranda,189
Cauca,Morales,265
Cauca,Padilla,100
Cauca,Páez,1852
Cauca,Patía,723
Cauca,Piamonte,1148
Cauca,Piendamó,197
Cauca,Popayán,483
Cauca,Puerto Tejada,368
Cauca,Puracé,707
Cauca,Rosas,130
Cauca,San Sebastián,436
Cauca,Santa Rosa,3198
Cauca,Santander de Quilichao,518
Cauca,Silvia,662
Cauca,Sotará,517
Cauca,Suárez,389
Cauca,Sucre,56
Cauca,Timbío,205
Cauca,Timbiquí,1813
Cauca,Toribío,412
Cauca,Totoró,421
Cauca,Villa Rica,74
Cesar,Aguachica,976
Cesar,Agustín Codazzi,1733
Cesar,Astrea,563
Cesar,Becerril,1144
Cesar,Bosconia,609
Cesar,Chimichagua,1569
Cesar,Chiriguaná,1131
Cesar,Curumaní,931
Cesar,El Copey,968
Cesar,El Paso,823
Cesar,Gamarra,320
Cesar,González,75
Cesar,La Gloria,736
Cesar,La Jagua de Ibirico,728
Cesar,La Paz,1081
Cesar,Manaure Balcón del Cesar,126
Cesar,Pailitas,512
Cesar,Pelaya,371
Cesar,Pueblo Bello,686
Cesar,Río de Oro,613
Cesar,San Alberto,676
Cesar,San Diego,670
Cesar,San Martín,789
Cesar,Tamalameque,511
Cesar,Valledupar,4493
Chocó,Acandí,1551
Chocó,Alto Baudó,1532
Chocó,Bagadó,777
Chocó,Bahía Solano,1667
Chocó,Bajo Baudó,4840
Chocó,Bojayá,3693
Chocó,Cértegui,342
Chocó,Condoto,890
Chocó,Cantón de San Pablo,386
Chocó,El Atrato,725
Chocó,El Carmen de Atrato,1017
Chocó,El Carmen del Darién,4700
Chocó,El Litoral de San Juan,3755
Chocó,Istmina,2480
Chocó,Juradó,992
Chocó,Lloró,905
Chocó,Medio Atrato,562
Chocó,Medio Baudó,4840
Chocó,Medio San Juan,620
Chocó,Nóvita,1327
Chocó,Nuquí,956
Chocó,Quibdó,3337
Chocó,Río Iró,520
Chocó,Río Quito,700
Chocó,Riosucio,9318
Chocó,San José del Palmar,947
Chocó,Sipí,196
Chocó,Tadó,878
Chocó,Unguía,1190
Chocó,Unión Panamericana,1600
Córdoba,Ayapel,2098
Córdoba,Buenavista,847
Córdoba,Canalete,394
Córdoba,Cereté,266
Córdoba,Chimá,335
Córdoba,Chinú,624
Córdoba,Ciénaga de Oro,551
Córdoba,Cotorra,89
Córdoba,La Apartada,240
Córdoba,Los Córdobas,430
Córdoba,Momil,152
Córdoba,Montelíbano,1820
Córdoba,Montería,3141
Córdoba,Moñitos,180
Córdoba,Planeta Rica,1148
Córdoba,Pueblo Nuevo,715
Córdoba,Puerto Escondido,432
Córdoba,Puerto Libertador,2062
Córdoba,Purísima,132
Córdoba,Sahagún,992
Córdoba,San Andrés de Sotavento,336
Córdoba,San Antero,191
Córdoba,San Bernardo del Viento,321
Córdoba,San Carlos,505
Córdoba,San José de Uré,516
Córdoba,San Pelayo,451
Córdoba,Santa Cruz de Lorica,1033
Córdoba,Tierralta,5025
Córdoba,Tuchín,128
Córdoba,Valencia,914
Cundinamarca,Agua de Dios,84
Cundinamarca,Albán,57
Cundinamarca,Anapoima,124
Cundinamarca,Anolaima,119
Cundinamarca,Apulo,127
Cundinamarca,Arbelaéz,152
Cundinamarca,Beltrán,211
Cundinamarca,Bituima,61
Cundinamarca,Bojacá,109
Cundinamarca,Cabrera,449
Cundinamarca,Cachipay,56
Cundinamarca,Cajicá,51
Cundinamarca,Caparrapí,616
Cundinamarca,Cáqueza,120
Cundinamarca,Carmen de Carupa,228
Cundinamarca,Chaguaní,142
Cundinamarca,Chía,76
Cundinamarca,Chipaque,139
Cundinamarca,Choachí,223
Cundinamarca,Chocontá,301
Cundinamarca,Cogua,113
Cundinamarca,Cota,106
Cundinamarca,Cucunubá,112
Cundinamarca,El Colegio,117
Cundinamarca,El Peñón,132
Cundinamarca,El Rosal,86
Cundinamarca,Facatativá,158
Cundinamarca,Fómeque,556
Cundinamarca,Fosca,126
Cundinamarca,Funza,70
Cundinamarca,Fúquene,90
Cundinamarca,Fusagasugá,239
Cundinamarca,Gachalá,448
Cundinamarca,Gachancipá,44
Cundinamarca,Gachetá,262
Cundinamarca,Gama,123
Cundinamarca,Girardot,129
Cundinamarca,Granada,61
Cundinamarca,Guachetá,177
Cundinamarca,Guaduas,757
Cundinamarca,Guasca,346
Cundinamarca,Guataquí,87
Cundinamarca,Guatavita,247
Cundinamarca,Guayabal de Síquima,63
Cundinamarca,Guayabetal,142
Cundinamarca,Gutiérrez,527
Cundinamarca,Jerusalén,236
Cundinamarca,Junín,337
Cundinamarca,La Calera,485
Cundinamarca,La Mesa,148
Cundinamarca,La Palma,191
Cundinamarca,La Peña,136
Cundinamarca,La Vega,153
Cundinamarca,Lenguazaque,160
Cundinamarca,Machetá,225
Cundinamarca,Madrid,120
Cundinamarca,Manta,105
Cundinamarca,Medina,1915
Cundinamarca,Mosquera,107
Cundinamarca,Nariño,54
Cundinamarca,Nemocón,194
Cundinamarca,Nilo,224
Cundinamarca,Nimaima,59
Cundinamarca,Nocaima,69
Cundinamarca,Pacho,403
Cundinamarca,Paime,171
Cundinamarca,Pandi,67
Cundinamarca,Paratebueno,883
Cundinamarca,Pasca,264
Cundinamarca,Puerto Salgar,521
Cundinamarca,Pulí,223
Cundinamarca,Quebradanegra,83
Cundinamarca,Quetame,138
Cundinamarca,Quipile,128
Cundinamarca,Ricaurte,130
Cundinamarca,San Antonio del Tequendama,82
Cundinamarca,San Bernardo,249
Cundinamarca,San Cayetano,303
Cundinamarca,San Francisco,118
Cundinamarca,San Juan de Rioseco,323
Cundinamarca,Sasaima,111
Cundinamarca,Sesquilé,141
Cundinamarca,Sibaté,126
Cundinamarca,Silvania,163
Cundinamarca,Simijaca,107
Cundinamarca,Soacha,184
Cundinamarca,Sopó,111
Cundinamarca,Subachoque,212
Cundinamarca,Suesca,177
Cundinamarca,Supatá,128
Cundinamarca,Susa,86
Cundinamarca,Sutatausa,67
Cundinamarca,Tabio,74
Cundinamarca,Tausa,204
Cundinamarca,Tena,55
Cundinamarca,Tenjo,108
Cundinamarca,Tibacuy,84
Cundinamarca,Tibirita,57
Cundinamarca,Tocaima,246
Cundinamarca,Tocancipá,73
Cundinamarca,Topaipí,150
Cundinamarca,Ubalá,505
Cundinamarca,Ubaque,105
Cundinamarca,Ubaté,102
Cundinamarca,Une,211
Cundinamarca,Útica,92
Cundinamarca,Venecia,121
Cundinamarca,Vergara,146
Cundinamarca,Vianí,68
Cundinamarca,Villagómez,65
Cundinamarca,Villapinzón,249
Cundinamarca,Villeta,141
Cundinamarca,Viotá,208
Cundinamarca,Yacopí,1095
Cundinamarca,Zipacón,70
Cundinamarca,Zipaquirá,197
Bogotá  Distrito Capital,Bogotá,1587
Guainía,Barrancominas,12914
Guainía,Cacahual,6457
Guainía,Inírida,16165
Guainía,La Guadalupe,1167
Guainía,Morichal Nuevo,
Guainía,Pana Pana,
Guainía,Puerto Colombia,
Guainía,San Felipe,3063
Guaviare,Calamar,14300
Guaviare,El Retorno,11618
Guaviare,Miraflores,12914
Guaviare,San José del Guaviare,16654
Huila,Acevedo,612
Huila,Agrado,222
Huila,Aipe,802
Huila,Algeciras,570
Huila,Altamira,188
Huila,Baraya,750
Huila,Campoalegre,661
Huila,Colombia,1698
Huila,Elías,82
Huila,El Pital,203
Huila,Garzón,580
Huila,Gigante,626
Huila,Guadalupe,254
Huila,Hobo,217
Huila,Íquira,532
Huila,Isnos,697
Huila,La Argentina,626
Huila,La Plata,1271
Huila,Nátaga,133
Huila,Neiva,1553
Huila,Oporapa,188
Huila,Paicol,298
Huila,Palermo,923
Huila,Palestina,220
Huila,Pitalito,591
Huila,Rivera,435
Huila,Saladoblanco,290
Huila,San Agustín,1310
Huila,Santa María,314
Huila,Suaza,336
Huila,Tarqui,308
Huila,Tello,558
Huila,Teruel,499
Huila,Tesalia,373
Huila,Timaná,182
Huila,Villavieja,670
Huila,Yaguará,329
La Guajira,Albania,425
La Guajira,Barrancas,742
La Guajira,Dibulla,1633
La Guajira,Distracción,232
La Guajira,El Molino,190
La Guajira,Fonseca,662
La Guajira,Hatonuevo,249
La Guajira,La Jagua del Pilar,267
La Guajira,Maicao,1782
La Guajira,Manaure,1971
La Guajira,Riohacha,3120
La Guajira,San Juan del Cesar,1215
La Guajira,Uribia,8200
La Guajira,Urumita,329
La Guajira,Villanueva,265
Magdalena,Algarrobo,403
Magdalena,Aracataca,1775
Magdalena,Ariguaní,1132
Magdalena,Cerro de San Antonio,184
Magdalena,Chibolo,528
Magdalena,Ciénaga,1812
Magdalena,Concordia,110
Magdalena,El Banco,816
Magdalena,El Piñón,581
Magdalena,El Retén,274
Magdalena,Fundación,931
Magdalena,Guamal,554
Magdalena,Nuava Granada,1120
Magdalena,Pedraza,1698
Magdalena,Pijiño del Carmen,526
Magdalena,Pivijay,1636
Magdalena,Plato,1504
Magdalena,Pueblo Viejo,691
Magdalena,Remolino,611
Magdalena,Sabanas de San Ángel,1195
Magdalena,Salamina,175
Magdalena,San Sebastián de Buenavista,413
Magdalena,San Zenón,238
Magdalena,Santa Ana,1120
Magdalena,Santa Bárbara de Pinto,497
Magdalena,Santa Marta,2448
Magdalena,Sitionuevo,491
Magdalena,Tenerife,481
Magdalena,Zapayán,353
Magdalena,Zona Bananera,446
Meta,Acacías,1119
Meta,Barranca de Upía,315
Meta,Cabuyaro,884
Meta,Castilla La Nueva,503
Meta,Cubarral,1308
Meta,Cumaral,580
Meta,El Calvario,200
Meta,El Castillo,693
Meta,El Dorado,115
Meta,Fuente de Oro,628
Meta,Granada,350
Meta,Guamal,785
Meta,La Macarena,11229
Meta,La Uribe,6037
Meta,Lejanías,852
Meta,Mapiripán,11400
Meta,Mesetas,1980
Meta,Puerto Concordia,1298
Meta,Puerto Gaitán,17499
Meta,Puerto Lleras,2410
Meta,Puerto López,6740
Meta,Puerto Rico,3431
Meta,Restrepo,434
Meta,San Carlos de Guaroa,811
Meta,San Juan de Arama,1163
Meta,San Juanito,162
Meta,San Martín,5959
Meta,Villavicencio,1313
Meta,Vista Hermosa,4084
Nariño,San José de Albán,83
Nariño,Aldana,65
Nariño,Ancuya,73
Nariño,Arboleda,63
Nariño,Barbacoas,1877
Nariño,Belén,48
Nariño,Buesaco,682
Nariño,Chachagüí,148
Nariño,Colón,82
Nariño,Consacá,132
Nariño,Contadero,45
Nariño,Córdoba,282
Nariño,Cuaspud,48
Nariño,Cumbal,677
Nariño,Cumbitara,365
Nariño,El Charco,1285
Nariño,El Peñol,121
Nariño,El Rosario,566
Nariño,El Tablón,255
Nariño,El Tambo,282
Nariño,Francisco Pizarro,956
Nariño,Funes,407
Nariño,Guachucal,159
Nariño,Guaitarilla,131
Nariño,Gualmatán,35
Nariño,Iles,82
Nariño,Imués,86
Nariño,Ipiales,1707
Nariño,La Cruz,237
Nariño,La Florida,143
Nariño,La Llanada,265
Nariño,La Tola,459
Nariño,La Unión,147
Nariño,Leiva,316
Nariño,Linares,115
Nariño,Los Andes,907
Nariño,Magüí,1745
Nariño,Mallama,531
Nariño,Mosquera,678
Nariño,Nariño,50
Nariño,Olaya Herrera,990
Nariño,Ospina,66
Nariño,Pasto,1131
Nariño,Policarpa,467
Nariño,Potosí,288
Nariño,Providencia,44
Nariño,Puerres,359
Nariño,Pupiales,135
Nariño,Ricaurte,1211
Nariño,Roberto Payán,1342
Nariño,Samaniego,765
Nariño,San Bernardo,70
Nariño,San Lorenzo,267
Nariño,San Pablo,108
Nariño,San Pedro de Cartago,60
Nariño,Sandoná,101
Nariño,Santa Bárbara,1232
Nariño,Santacruz,555
Nariño,Sapuyes,133
Nariño,Taminango,245
Nariño,Tangua,239
Nariño,Tumaco,3778
Nariño,Túquerres,227
Nariño,Yacuanquer,115
Norte de Santander,Ábrego,1582
Norte de Santander,Arboledas,454
Norte de Santander,Bochalema,172
Norte de Santander,Bucarasica,267
Norte de Santander,Cáchira,605
Norte de Santander,Cácota,139
Norte de Santander,Chinácota,166
Norte de Santander,Chitagá,1172
Norte de Santander,Convención,829
Norte de Santander,Cúcuta,1176
Norte de Santander,Cucutilla,372
Norte de Santander,Durania,177
Norte de Santander,El Carmen,1723
Norte de Santander,El Tarra,471
Norte de Santander,El Zulia,449
Norte de Santander,Gramalote,147
Norte de Santander,Hacarí,410
Norte de Santander,Herrán,112
Norte de Santander,La Esperanza,695
Norte de Santander,La Playa de Belén,241
Norte de Santander,Labateca,253
Norte de Santander,Los Patios,133
Norte de Santander,Lourdes,87
Norte de Santander,Mutiscua,159
Norte de Santander,Ocaña,460
Norte de Santander,Pamplona,318
Norte de Santander,Pamplonita,176
Norte de Santander,Puerto Santander,42
Norte de Santander,Ragonvalia,95
Norte de Santander,Salazar de Las Palmas,493
Norte de Santander,San Calixto,387
Norte de Santander,San Cayetano,144
Norte de Santander,Santiago,173
Norte de Santander,Santo Domingo de Silos,381
Norte de Santander,Sardinata,1451
Norte de Santander,Teorama,852
Norte de Santander,Tibú,2737
Norte de Santander,Toledo,1578
Norte de Santander,Villa Caro,402
Norte de Santander,Villa del Rosario,228
Putumayo,Colón,77
Putumayo,Mocoa,1030
Putumayo,Orito,2026
Putumayo,Puerto Asís,2610
Putumayo,Puerto Caicedo,864
Putumayo,Puerto Guzmán,4340
Putumayo,Puerto Leguízamo,11640
Putumayo,San Francisco,480
Putumayo,San Miguel,361
Putumayo,Santiago,445
Putumayo,Sibundoy,64
Putumayo,Valle del Guamuez,873
Putumayo,Villagarzón,1250
Quindío,Armenia,250
Quindío,Buenavista,41
Quindío,Calarcá,219
Quindío,Circasia,91
Quindío,Córdoba,98
Quindío,Filandia,109
Quindío,Génova,297
Quindío,La Tebaida,89
Quindío,Montenegro,198
Quindío,Pijao,243
Quindío,Quimbaya,126
Quindío,Salento,377
Risaralda,Apía,214
Risaralda,Balboa,119
Risaralda,Belén de Umbría,178
Risaralda,Dosquebradas,70
Risaralda,Guática,97
Risaralda,La Celia,87
Risaralda,La Virginia,33
Risaralda,Marsella,57
Risaralda,Mistrató,483
Risaralda,Pereira,702
Risaralda,Pueblo Rico,1020
Risaralda,Quinchía,150
Risaralda,Santa Rosa de Cabal,486
Risaralda,Santuario,226
San Andrés y Providencia,Providencia y Santa Catalina Islas,18
Santander,Aguada,75
Santander,Albania,167
Santander,Aratoca,170
Santander,Barbosa,46
Santander,Barichara,134
Santander,Barrancabermeja,1154
Santander,Betulia,324
Santander,Bolívar,957
Santander,Bucaramanga,162
Santander,Cabrera,68
Santander,California,261
Santander,Capitanejo,81
Santander,Carcasí,426
Santander,Cepitá,139
Santander,Cerrito,549
Santander,Charalá,411
Santander,Charta,152
Santander,Chima,152
Santander,Chipatá,94
Santander,Cimitarra,3164
Santander,Concepción,686
Santander,Confines,88
Santander,Contratación,120
Santander,Coromoro,247
Santander,Curití,238
Santander,El Carmen de Chucurí,914
Santander,El Guacamayo,100
Santander,El Peñón,130
Santander,El Playón,467
Santander,Encino,417
Santander,Enciso,72
Santander,Florián,170
Santander,Floridablanca,97
Santander,Galán,205
Santander,Gámbita,606
Santander,Guaca,382
Santander,Guadalupe,382
Santander,Guapotá,66
Santander,Guavatá,56
Santander,Güepsa,33
Santander,Hato,180
Santander,Jesús María,72
Santander,Jordán,33
Santander,La Belleza,219
Santander,La Paz,270
Santander,Landázuri,630
Santander,Lebrija,549
Santander,Los Santos,242
Santander,Macaravita,110
Santander,Málaga,58
Santander,Matanza,243
Santander,Mogotes,487
Santander,Molagavita,197
Santander,Ocamonte,84
Santander,Oiba,287
Santander,Onzaga,486
Santander,Palmar,21
Santander,Palmas del Socorro,57
Santander,Páramo,81
Santander,Piedecuesta,344
Santander,Pinchote,53
Santander,Puente Nacional,248
Santander,Puerto Parra,761
Santander,Puerto Wilches,1539
Santander,Rionegro,1277
Santander,Sabana de Torres,1428
Santander,San Andrés,278
Santander,San Benito,67
Santander,San Gil,149
Santander,San Joaquín,192
Santander,San José de Miranda,85
Santander,San Juan de Girón,475
Santander,San Miguel,71
Santander,San Vicente de Chucurí,1195
Santander,Santa Bárbara,224
Santander,Santa Helena del Opón,387
Santander,Simacota,1413
Santander,El Socorro,122
Santander,Suaita,280
Santander,Sucre,606
Santander,Suratá,348
Santander,Tona,342
Santander,Valle de San José,99
Santander,Vélez,271
Santander,Vetas,93
Santander,Villanueva,99
Santander,Zapatoca,360
Sucre,Buenavista,144
Sucre,Caimito,407
Sucre,Chalán,76
Sucre,Colosó,141
Sucre,Corozal,203
Sucre,Coveñas,74
Sucre,El Roble,206
Sucre,Galeras,321
Sucre,Guaranda,370
Sucre,La Unión,234
Sucre,Los Palmitos,125
Sucre,Majagual,826
Sucre,Morroa,161
Sucre,Ovejas,447
Sucre,San Antonio de Palmito,176
Sucre,Sampués,209
Sucre,San Benito Abad,1592
Sucre,San Juan de Betulia,199
Sucre,San Marcos,534
Sucre,San Onofre,1102
Sucre,San Pedro,222
Sucre,Santiago de Tolú,301
Sucre,Sincé,410
Sucre,Sincelejo,284
Sucre,Sucre,1110
Sucre,Tolú Viejo,276
Tolima,Alpujarra,473
Tolima,Alvarado,311
Tolima,Ambalema,239
Tolima,Anzoátegui,541
Tolima,Armero,385
Tolima,Ataco,1122
Tolima,Cajamarca,800
Tolima,Carmen de Apicalá,183
Tolima,Casabianca,264
Tolima,Chaparral,2124
Tolima,Coello,350
Tolima,Coyaima,664
Tolima,Cunday,518
Tolima,Dolores,672
Tolima,Espinal,217
Tolima,Falan,238
Tolima,Flandes,95
Tolima,Fresno,208
Tolima,Guamo,561
Tolima,Herveo,342
Tolima,Honda,309
Tolima,Ibagué,1439
Tolima,Icononzo,232
Tolima,Lérida,281
Tolima,Líbano,280
Tolima,Mariquita,379
Tolima,Melgar,215
Tolima,Murillo,364
Tolima,Natagaima,860
Tolima,Ortega,965
Tolima,Palocabildo,65
Tolima,Piedras,361
Tolima,Planadas,1445
Tolima,Prado,448
Tolima,Purificación,422
Tolima,Rioblanco,1137
Tolima,Roncesvalles,790
Tolima,Rovira,818
Tolima,Saldaña,214
Tolima,San Antonio,407
Tolima,San Luis,425
Tolima,Santa Isabel,415
Tolima,Suárez,194
Tolima,Valle de San Juan,198
Tolima,Venadillo,352
Tolima,Villahermosa,188
Tolima,Villarrica,460
Valle del Cauca,Alcalá,64
Valle del Cauca,Andalucía,316
Valle del Cauca,Ansermanuevo,346
Valle del Cauca,Argelia,87
Valle del Cauca,Bolívar,602
Valle del Cauca,Buenaventura,6028
Valle del Cauca,Buga,832
Valle del Cauca,Bugalagrande,374
Valle del Cauca,Caicedonia,170
Valle del Cauca,Cali,562
Valle del Cauca,Candelaria,285
Valle del Cauca,Cartago,279
Valle del Cauca,Dagua,886
Valle del Cauca,Darién,1154
Valle del Cauca,El Águila,199
Valle del Cauca,El Cairo,283
Valle del Cauca,El Cerrito,466
Valle del Cauca,El Dovio,383
Valle del Cauca,Florida,253
Valle del Cauca,Ginebra,313
Valle del Cauca,Guacarí,167
Valle del Cauca,Jamundí,655
Valle del Cauca,La Cumbre,235
Valle del Cauca,La Unión,125
Valle del Cauca,La Victoria,276
Valle del Cauca,Obando,213
Valle del Cauca,Palmira,1123
Valle del Cauca,Pradera,407
Valle del Cauca,Restrepo,237
Valle del Cauca,Riofrío,280
Valle del Cauca,Roldanillo,217
Valle del Cauca,San Pedro,240
Valle del Cauca,Sevilla,639
Valle del Cauca,Toro,166
Valle del Cauca,Trujillo,221
Valle del Cauca,Tuluá,911
Valle del Cauca,Ulloa,42
Valle del Cauca,Versalles,352
Valle del Cauca,Vijes,214
Valle del Cauca,Yotoco,321
Valle del Cauca,Yumbo,228
Valle del Cauca,Zarzal,362
Vaupés,Carurú,6271
Vaupés,Mitú,16422
Vaupés,Pacoa,14108
Vaupés,Papunaua,5937
Vaupés,Taraira,6619
Vaupés,Yavaraté,3459
Vichada,Cumaribo,65193
Vichada,La Primavera,22159
Vichada,Puerto Carreño,12897
Vichada,Santa Rosalía,3937